idade,conta_corrente
21.257389113463468,783.1279113299654
21.76657261348206,979.7475209054862
25.321033431048033,1065.328053967916
23.91926758092186,1195.758078254006
21.805297911051557,1083.7644500799436
22.232573740981824,1024.8900876674877
24.92236202409395,1387.7858142950672
21.7447678889033,1217.385348848293
27.452365981858833,1084.4783959227175
22.517270692517886,1325.8187282347626
23.872316526168742,1085.0986374807612
21.926825546010257,640.5622292186174
19.01684251570921,631.6082634197735
22.506722154423645,704.332771842254
22.78082690321255,957.203963741772
26.71606367121568,1469.0436890493932
26.180783693519103,1513.4358870176866
23.781336010081816,1238.0946224019635
21.84218370406367,1036.003233054494
26.013047015084734,836.4680677072225
21.10240415984999,917.3432756638897
20.587560309110547,677.6404695521919
19.339459522320784,1295.6662067220857
25.170385198808116,1063.3077535787158
24.974376620486375,761.5225315245325
23.68799489264842,962.1408487677631
22.139017339140754,1132.2232114372923
25.83001866561947,980.4857142741747
19.407457685245188,774.9300809322391
20.200623384913175,660.5326384325415
27.581627557526346,635.5737548434636
21.24526987367237,1296.2975722956562
21.11546575433467,1279.573531702661
22.226448363625497,1272.9103194082031
25.878354812334695,984.3828896731957
23.995843748164816,888.8931516691543
27.116738416656723,1475.3085545372767
19.26922185318648,1133.0643676030927
25.422246348380483,1059.0355739279116
24.104902457106114,1457.4230791014108
21.720550161565782,1459.5385359203522
24.257333355018034,972.7637095735698
20.78961599141502,670.6367467830808
23.585389899678233,708.2980801772967
23.703334326286534,1093.464336301281
25.70229717843865,438.4709118743997
27.610007244088884,1043.1754634970769
25.261793131868576,732.079398289173
20.91941629467585,612.8583229532919
23.510424693351748,1255.0208160708273
27.90174235792869,1028.705200061261
20.472003444230886,1361.228881131835
20.87030806571519,1151.372585718722
22.173824299746848,1146.9485331942035
21.798692747897903,949.0920012904759
22.07016554070169,1043.657466850872
20.60401258453172,1197.961992033663
21.267552993492195,1202.0642343458655
21.029360183433184,1214.5749312886512
21.86079947566592,729.157353164165
23.283063070754547,1112.627231408816
18.53578558778996,987.7023521444546
22.428758940995138,933.6020614844427
24.03774141859482,1068.470945413708
18.14166620513994,1363.623940373377
22.496320965996507,1083.4482528196404
26.81622699984059,858.9503907089838
22.855981647260865,796.609653214321
23.26080949826201,899.3915214583108
20.808929300570124,690.3464980222225
22.776415697647575,1007.2825159901907
21.737351019525388,1460.3428657448524
21.440678799185378,822.5480330039284
24.38723556084686,1308.546272042396
19.787343297188485,824.8836191342839
22.936056016294117,810.6655285804284
23.534461051743193,974.4769836594264
23.558459127368884,1092.5694942844666
22.072207523016854,783.8998218664954
22.68932050588097,1331.8981571152938
21.077439757701182,645.6418468431748
23.89255776218794,1346.9993808223894
21.072561463781625,1566.799837661722
21.09483705836181,650.0681456834582
27.593363674942736,855.697988136873
21.020257439250436,632.065286792528
24.59228165100886,1182.4250183211193
21.473331677887508,1048.233583560078
20.784643060743623,1187.3856460608913
19.680283255317104,1074.6652835707262
19.6486910365023,1049.7213781253588
19.375393831005127,993.5770331533137
19.703387551902697,817.3203841812856
21.92895662003638,822.5212817094248
27.216913061888317,772.2667180937948
26.001307001617008,891.500712077602
25.92866751486015,882.7085987383305
23.62100000857276,1308.3348787826874
22.119368571378878,1433.4182148144534
21.24874739626314,1113.5378823955537
23.647293298155702,865.0358506641762
24.898941379044537,1307.5238919591693
23.443829225429674,987.7845222807468
20.33869191829207,907.7872211897371
23.31130968138357,975.9684728988392
26.186373788572283,961.2326279182249
21.02487518937619,1187.881717154944
22.241401563305857,1116.7995677317058
19.096284817652595,1358.7246028716152
22.92935442763946,1244.9038381587436
27.990892201161863,940.4514118288566
23.40597745351657,699.4650315811657
22.273585399798876,1064.1532491000837
24.324449639617796,1042.658811163392
25.81687235510708,598.1563975402601
26.506243484294714,790.2373414256504
21.55839648282263,898.4368957254652
20.623886329498262,756.8038642073909
20.750994773745735,1188.916855797455
19.848043775699388,1317.6552402406035
26.33090718439718,1139.0885935274123
26.595699466636482,1155.664849665669
20.061494005946447,1235.525762367243
20.68653108093423,812.8279961585372
21.79541921322781,933.2173701767937
21.94284188521189,827.135883651095
26.648185296493978,821.4114747566132
22.230314228847195,616.4583307312914
19.11432706692905,696.529665352226
21.9179564321998,1128.2780259441283
20.24218963069353,864.5723830614844
22.341883374579886,1187.2887112098867
23.48606811402159,911.1068513236763
26.124559579918838,1148.1768723868415
25.208523144443873,1198.5707414767646
25.908146036866473,854.3498584695798
22.21871640838514,1220.2294524529605
24.867422825714826,937.6600958738196
23.561926406794804,966.9078741742167
22.983109793449074,1102.1242598914089
27.101468480471798,713.3655583112546
18.519839346949446,850.8497816293844
20.533767251868458,963.7605316201791
20.753702294037666,991.9231599772669
27.083342701105337,936.0896328381027
19.313263328506324,916.2049958710182
28.42881791701603,853.933962388636
21.93447395334381,831.7710427024283
21.061777383132366,763.3250382060656
23.350402212821052,1126.0409689448056
21.85067287014585,982.5804836215191
24.047721941458946,921.0819688658984
20.041515325706357,812.4417495248182
25.755634407172547,1187.908681378849
19.590147443516653,984.5831930061441
22.136585192138323,1147.858980977799
18.50517077259895,1084.7555532573158
21.784984118906593,838.1174898594918
28.110897621320454,1133.1534127599818
22.932072466606787,1045.4561710994246
20.647691569985522,1124.927830204916
19.189253695050642,1022.4537312237903
24.923026680571926,1001.6729670762397
21.82969159953377,814.0977958760608
28.791806963600816,1518.255205726056
19.622540223285252,1331.874515028223
24.401924612486596,1287.969934978672
18.95716624533244,1096.048485419482
20.96264929158764,1000.7381870264319
20.846433874290312,803.2531409679585
21.078684470874315,1071.5317968859542
22.132761872266048,914.0281387284745
20.5751663522311,796.2214140830473
22.691517124255626,1213.0731462534368
22.443929646073432,767.2653503421178
27.763364267202792,504.06695323228075
19.66628520607873,1108.7895756299204
19.608567378389342,1061.930396656217
27.16608767614331,1238.0992718555408
28.24438371560159,867.6435856843013
26.30553877021692,1021.5457328288676
20.366533118864044,1107.427541303764
24.79449683181525,657.110791573148
22.29878579371897,936.3543913123837
24.5476195800579,1108.6950406401174
21.118716700282945,1079.2900190097307
24.068912904755386,1085.593959549742
22.121901428318527,1301.6982049379535
20.179735504287702,833.6208329006973
23.22922844089902,1057.5828082532205
27.540555074007948,757.4628254405851
20.06767578993143,1047.9161546761077
25.163299515336305,811.3791322826123
28.009744867248465,1119.3994689278547
21.468485231077675,1242.785683895676
27.656582063473746,1359.1515684168662
19.204442911253434,1313.7741381458954
23.3748467354515,792.4564315840701
23.168231375772308,823.7811857099612
21.795267491883788,848.4430754565232
19.276307836786035,844.9595485573636
22.295564269749548,1094.0985283205466
21.56771418933453,556.6807384164108
24.855175275596974,1086.1293252536352
24.324373688466864,572.8199233602004
23.302651691468355,1193.511275595629
22.886215237436794,844.7389976576138
22.093132633120874,1057.082760632896
20.50168074459608,1100.7338785977092
20.140899470807792,794.5682182126862
22.422058492440158,1305.6192977726732
22.888044101572287,1022.5613139591413
18.197609589590172,1009.8618524503678
20.42369461395148,1146.9742720085917
21.662662921292167,921.2190190048525
26.101365711145952,938.2247964434205
25.257519399906496,1289.8542803574219
28.778112233684766,874.4941374840085
22.50136224832652,979.8624813220707
19.998207925928977,975.8103482112234
21.312111484249623,1052.0670851657496
20.128727270819972,1128.0817432977242
20.24570981908023,572.8588627417
26.578401754193425,979.175639589567
24.48587933403224,1025.4754130002239
27.57776618320636,1135.7011115988614
23.157367423400178,1182.5457023820532
25.851825629899544,887.7290606074381
22.990467593650365,660.7027835630903
20.701799194692075,1194.4502852036849
22.967166466707084,952.4123420049109
22.093823267269695,1054.6931874336774
21.158227905480484,1197.8728967025495
22.94685586682363,978.238211095986
20.493483432077156,997.9921367440683
18.6961213622417,1230.712642645287
25.152776143986944,1063.9840990125024
27.10997593007827,920.7365447964154
21.223333518108333,966.085887559078
21.699636544614158,965.0699645150432
24.661853979957847,1089.5690869867137
21.380295224280623,815.9814136823416
25.778482393431695,1152.902161944286
19.39335371104483,1025.3692528857155
25.732859942790036,1036.4716615034445
20.12766798289429,1266.4646663267094
26.460377506885386,1051.0000417012452
21.797646793109607,1082.2316968728292
24.372673496802435,1012.3757122423121
21.088709561313877,470.18703874248797
27.33933384764789,954.9799910376771
23.659193800958548,895.1801724093094
23.36812266068494,1154.73389266066
21.783169668675463,1326.0138182504925
22.448009586315113,1092.5469620901015
20.372446452025418,1062.7808235782145
21.169843082483332,638.0571484318116
27.893100922008347,1011.1246396163561
26.818687105617897,1125.3792946591439
22.050135803757033,910.1351573352007
21.014743561733088,785.182442025322
20.321889812287772,925.5452143014643
21.482499709583593,1110.824614160106
22.42909120307537,1128.8372507214578
21.14653846666095,679.2543426124333
22.095929224111043,1234.9170767148369
27.903069867224545,1054.0999210263358
23.270420827774515,695.5380580270171
25.294093838283946,963.8205342590736
20.410898996374065,1098.172125911741
20.094884004338592,1131.3880306586266
21.831009362454118,828.924836763232
21.557129138431158,793.7439352165936
26.215963475312044,1212.4696975559473
21.510055360405197,1219.3291182134649
24.924385036463335,1193.5060599366518
20.841426768326247,765.2734843825147
24.66756677616676,853.3889721465002
22.2934941385378,960.4474831020901
23.512284167252584,1123.7926335941377
24.934606648325854,796.2445828591112
22.093539880130898,939.4437897151677
20.872403373739175,1263.557756518825
24.42869638327308,1116.5009376404141
21.792946673849286,1014.9441802949478
29.626719916139503,931.2026839129054
25.096878244630393,1040.0601622182314
23.19910751275146,1190.3341023140688
20.716642743456543,1245.6784594902324
27.0890201166853,700.039309894625
23.368988639825478,1367.2358662233717
24.65304509585375,1267.9589494224847
23.914330868610907,1001.2818854660356
19.92672801998004,1139.8736756298283
22.224845180276382,1117.1284450540138
26.963623316468606,1389.0527975295756
20.014306737289676,957.6965780285124
19.96460702243573,1058.4229302171675
24.907579753180336,1561.0402242370692
22.593145162652746,948.4968585807405
24.371054408582552,759.3315162679676
26.431982018540992,1018.8912357221832
20.915730501955434,1253.2778988664795
21.683685657043547,941.1337732923494
20.914909067701643,961.9492988364545
23.811486862569275,1029.5548935986278
24.821812528203886,1002.3892700400336
22.606124231152496,823.2296445710149
23.69183732092586,748.2252058349569
21.87089304643859,739.0713839298844
24.916968256629318,1029.3536476574222
25.219251743536887,1012.1301636747638
21.046830886286443,964.3648674059261
22.669027716599977,1010.2506314186877
22.435151376948312,1400.6469313225666
25.02524861474624,1091.0953976699618
22.778146893059358,641.9754973772416
22.764388963427027,807.2557912377464
22.475700486072252,1207.5298330323667
18.91685293511061,1250.3841777852679
21.433540419296172,1090.1252358742424
22.56357245231268,1054.8226324525135
19.523120997410555,964.8354218450967
20.44590453680676,1096.4932872479872
24.281490656889094,1211.0528958339755
24.01644999630995,739.8325050976308
26.335222107564206,1017.4128978557821
21.94765307210932,895.9724460949733
19.911788570782488,1130.4913625698853
20.05269588124898,731.7107188348227
25.54155784822232,655.4299933385739
23.144976141171476,1187.9218384326832
24.0840407167046,626.0176241388251
22.262975087663662,1025.5150172646352
25.55823857579764,1061.655506592856
20.364606737127097,1096.4461413206548
22.439835370565124,890.5057281131494
25.653459415107836,648.216072330405
27.738053318795174,1053.8749330561486
24.684104228440383,910.0975297855513
26.24460079791346,597.9397548046218
25.42327141119388,1153.6609578964453
23.322819236223694,1112.7581933527206
23.740294564031643,1023.6210414192425
24.421965151182942,943.514232236029
26.55014012749093,598.5152252075219
20.868633577723347,1182.4139455116613
20.27389313548921,1022.2451516891512
21.420846539521975,1304.0692227686095
20.527376183723696,977.1549597361158
18.396458995528416,860.8650505904598
27.949882296396463,1179.3231864062889
19.551200067365166,1240.8494447611338
22.308558311147447,1383.896379216227
25.38060929903597,1163.490156881614
23.719615285931667,867.1543450214864
20.998173742703766,1473.8898786249922
21.015688525600417,1408.3847021829934
19.431132690665052,786.9752907214207
18.660674253006842,929.8767353064071
21.679305092753268,1055.971145708986
25.61501728189433,866.1942876987878
22.382389401091324,1224.4956548255225
19.598023382985744,933.9250251977444
24.671416245616424,745.0492575318988
20.39421600978199,854.9504751834311
18.22907569245981,1120.91321678467
20.74587046803016,901.6824161971387
25.24149052122145,882.9304767104837
24.613831947268817,1038.3870345063087
20.668284081087613,1270.706029448355
23.754010802537067,1218.6481524138053
28.109586044878135,1294.5794172666265
22.341869640529385,923.5475887079261
22.245396237616735,987.666112225725
19.44132741544765,755.3281317634134
19.969421963457616,639.828825770322
22.34989177264183,1376.8063366854615
21.888456822471305,1275.4469997792255
22.885749248392216,1145.8606664203844
19.852068950070127,1027.8548857996607
20.80528063711008,858.7925385533356
22.681530020564672,867.4109797512999
19.510805207524683,628.8611459006025
21.97741555498603,960.1139002910999
21.960442426306404,1102.219416378757
24.598764480176452,909.0231187252905
27.8057777591041,1107.5553483670342
19.73557484372189,666.5896982129634
19.85473285120967,994.7506118937433
20.132218104627185,1177.8030298521655
22.224284546304943,1146.4287016675526
27.5905399354343,923.4065431409085
21.004987307907506,1138.0533424661407
21.342667258720596,1233.5066985101716
23.38372462862312,760.1379585437401
19.670438545961332,1067.1204486685865
26.45232842236384,1232.654293733596
21.479131313901576,1263.9078584781003
24.44461214636388,951.6159143657246
24.215245903925588,922.4337533846824
22.084972484391212,1065.3498400639935
20.47339449506531,992.9475147463702
25.550521157596847,1045.3782699357407
19.902253708463263,902.1325286261291
25.93639535533007,834.4008619204046
25.89814703301517,1123.584906035533
21.88106673100495,786.4892743065279
22.906834364651033,1384.3854526484956
22.948731265202632,1200.604044250469
21.263025933752083,1131.5015120506969
20.010942234647434,912.6202920476849
22.34803980810094,721.4505765235252
27.656869719824925,880.422334505978
23.117091236818897,990.8233542119624
19.543291395425108,952.1144844908779
22.818614051894407,1120.697263546565
20.788995470617394,1123.2043151589837
20.00449239623186,1423.558776102834
20.039893500034534,1134.823288953217
29.197494945524163,995.107660678527
19.50763495529258,1462.6622277918407
24.044705760341678,1358.5937725978974
24.351305660322225,1196.7333436190868
23.008179771361345,1102.1805136881085
22.100038659504968,933.693346184913
26.658130790783137,906.5236083038926
18.899734328417757,1040.4102648703529
23.366979223328112,914.8294073750146
21.292277805045245,1466.8874046687456
19.367070254104775,834.1568171431446
20.79811840522138,1009.756276497916
26.67757584300086,872.170459944156
25.681604850307593,928.3015757402485
19.414995906624608,1072.163558753336
24.209073529291373,1281.6114583918888
19.9041079076765,1172.494098050316
21.72185703131201,959.0727558420518
21.54273785607802,1218.9885615530413
27.70206336317101,938.8532733113633
19.113918509057275,1266.3461162452231
23.873830232876806,791.6307276195085
22.783362117615443,1060.3311415427784
23.32580684446949,949.9498419038885
19.19642200292211,870.733119519007
20.437315418135814,884.4158118830203
19.949244634153157,1416.7850484942628
25.837261958771503,893.0218142960332
20.858977897317295,956.7958401756861
27.79297019928498,925.5321585875719
19.24084291257391,901.0408579392695
26.774904874801393,1200.5933939779864
23.761610784481103,878.9155078526783
22.125105887498318,1047.083852628591
20.401212713742986,1265.2313611299971
21.406712600592307,1401.9717352126468
24.5243253322674,1117.466046953548
19.485830092577704,1296.851753210065
18.687126254963566,892.8921422112555
21.78987170993942,1272.7043959415248
23.269496139905847,1123.545282707831
20.06851483073121,968.0244821156969
26.003318975020008,1025.5915818680483
24.63508934330649,796.188409261373
21.01057159381077,600.122147943186
24.59134128108603,1066.1384719576506
24.96580586627943,927.3398285089452
24.812188485691433,577.0207367474518
20.969606469934856,780.6251194983722
20.878892115799854,1117.773336951821
25.103157394889443,952.8168122816179
21.47987952145206,809.8943450556861
24.184479661475923,864.2240822926179
22.70541937567583,823.0532732910982
22.434960611423573,1123.0750123943776
21.768336249620596,956.7166079038167
18.476163010384436,838.6754533506567
23.256404165778136,1325.2709326590605
21.928765619099877,1242.8900751930273
26.212913386614318,1168.684681809233
24.52946705311017,1144.9721014384209
19.318952893460203,960.3836809656028
24.437129712645834,921.5333471910698
22.521462028791085,1086.001502482971
21.12974457040175,1225.3078057080875
21.645988318023406,1399.2051433392635
22.063236396844303,995.9951566879369
24.8102236781022,827.9931760608137
28.43841540306283,1610.9202497848723
20.547026981975215,1027.0230174160472
25.589033002234242,1185.2024341440992
25.84791657809368,734.8444181374016
21.67736667105875,919.8944541603345
22.794034227025328,1065.0105108291998
24.405718354035095,786.1407522125502
21.29624143827527,897.7041111380487
20.227767431023384,1044.104078447938
24.52990070599728,1173.363448960181
20.429095832119486,784.542852464051
20.95390699420268,1190.4145891025166
25.919139745387493,928.4344839238132
26.98859867120701,1276.2416671382935
18.631146060817283,768.2626145622949
23.64984205446377,1219.7130981018659
22.92529582795949,901.4901963922937
24.671501994622805,1270.7892846202408
27.252199962961903,1041.4100408706242
24.689685598589477,1038.818830180892
25.625760981949032,1004.7069119263534
22.325866978480327,521.5663884174876
22.24099147402032,1189.3869223802092
20.85836046830062,996.3158061402877
24.178744464601014,1098.7276588858545
20.28523067372489,1154.7125754754854
22.566912817696416,1059.7487336353122
22.011633393174655,640.6415738482606
23.660193055174766,1183.9684147128735
20.660809159075214,1167.2733259273018
21.158119612249664,1267.9466038394323
19.957318825365014,709.5393423757768
23.4901403322742,894.589451783742
22.25165672287918,1071.9783403021527
22.342585975235128,1192.8215218284251
21.96376934058866,796.3559912078936
24.1049733354882,473.99821190602665
27.531884540263295,1258.300545071303
22.527625504540715,777.6526766793484
18.72165964231415,1256.9402871698207
27.87932543050247,932.0547711245965
20.40549826608003,690.4698128475756
24.353372976166693,725.0726111637665
26.043804097855254,1165.5269022071745
20.59630441029567,1107.3481023954903
20.705057506557413,728.8178420796041
22.729788971787425,925.0308841386759
18.794703900993483,1309.398900452384
20.98630285815927,974.6300199751518
25.986897138062485,977.9398914180994
20.759808158517657,929.3987435715076
21.778389807832184,1096.287294608727
22.782152091467907,1110.0839097519665
23.34896262177794,1077.737755723233
21.69231389088982,979.2388984093054
20.2849525726541,1208.3217562027494
22.29366500276649,1177.7762833479403
26.004142565616352,1133.7620838179885
22.380488433677304,647.9565690097461
25.64403972959328,1235.3674639471883
25.585117285209968,1358.487733957489
22.876015743381867,1104.8293475053592
20.482687959713704,826.6589268176153
20.219867714262325,1266.6681330376273
25.31185439492773,1100.3663792866485
21.477270514080825,1100.7486246851581
19.66053223851571,1177.895604946858
23.63647678848905,1044.2173530400662
23.702094479718667,907.5710478371914
25.210240329074278,1562.0280277265979
20.35378009684605,1159.4469993566877
22.594680294040714,1094.6404495150323
21.946804738924882,905.643189212403
25.871112128412847,878.6252643510074
18.745252027553835,783.7028277537989
25.442122750136836,1218.912487053303
25.47307109536848,558.0601215855787
26.657217608221,1290.1741853440076
21.13196504902222,735.1589830897635
23.824943358612416,752.1354151485717
22.374254779606797,1031.7764446505198
19.062011746964895,1161.2169556081549
21.018291575118738,1023.770352229361
25.657456542620963,1136.1971830613484
23.68146894405844,1044.910365641065
20.902883995564764,931.1242010266195
22.56376010390411,998.6109290445328
24.889921691705,740.3781716296767
27.558245843722368,1094.8160238826579
28.92021786024579,1253.015167758599
28.056926164628077,901.879140538247
22.516258466289223,955.0148806461563
21.039545265503666,1211.0603291156715
21.687031224540895,695.1274317306443
20.81749081812624,1003.0323045093008
25.2640678498566,921.1432667631866
24.30499514998411,1055.7119582161781
23.57071615632267,968.6411284998529
20.267481386677435,778.8787329735331
26.03817023537493,918.9404570982277
24.076546337949782,1000.7154685228154
25.73729609718603,1030.2420012511334
23.76361773815963,725.5728216636027
20.4134230249109,1113.72031389932
24.08217324749346,1060.3177762935984
22.71748791143887,1281.8156774195738
21.197785090405645,909.2643994137187
21.93909421580092,909.5020085485953
25.930336004661207,1185.2021006250493
25.99280728927247,902.7137978882728
25.60884584239432,1192.4331767824115
19.892036033574055,932.3239111369916
22.98499267082434,779.2866175308409
22.008878786036355,964.798131464139
20.829967343412477,1181.6612225929682
20.678418748566614,1057.2639226193091
19.611623257560204,1165.5773326304165
21.387049404400887,1098.7831680084196
20.50262384147653,766.2109214615878
26.093413843786184,1113.850210488148
22.765092008007954,849.2490250013601
18.971094275099066,1265.5056379022967
19.193482017294535,1227.8105073416802
25.95332173799362,931.1814019064043
20.487353266449915,756.9608721239717
22.039666215697345,1145.470583123118
27.03353337531925,1040.7013960172205
23.933437622664638,868.6486970189547
23.33752630799014,974.0841469070444
21.374228859084752,969.7096646248233
21.331570908607368,1193.368058048766
28.041932416966976,1038.143800403069
22.950218626098884,748.7404739097683
20.423230384557645,1150.5387234478853
28.880336864497757,525.0066912507909
26.275940605447566,729.127571868375
20.724738821121385,1042.6551412772155
20.939937161738925,1083.9516081535774
18.99404857454895,651.6166952010556
22.02273766042254,979.1366911316401
23.492619562026302,836.1285495279822
18.756329442209903,1260.65650196019
22.888613975856344,837.9949469184282
23.343133706501167,874.2909633581617
19.727738577259395,810.7551986968058
21.007611667506467,467.68399932974626
23.82089247646018,883.2406405769328
21.64983542224887,1013.205580512634
22.801464686622936,738.9871339418639
23.735338890367494,906.0595901825145
19.37734174782545,1047.3082833076944
24.06226706667205,668.7306146832101
24.55069478316374,887.6164512229526
19.971120402266088,803.1069318559761
22.69837525753058,1259.529779501415
20.385737470635387,1058.4583938689373
25.097963006129966,725.0489681580434
18.703347516674235,949.6877782651002
21.513699406335853,1116.8685416811027
21.16309011180214,1139.041968673199
26.98847131127063,914.4273513814389
25.488115349913542,870.5705645085886
25.684930725061967,1292.6187820045627
23.96345821830377,1263.0005690246876
22.119136571061986,1109.078081764592
21.67669964219651,785.5670461399807
26.652166933129372,818.4872881718286
22.58809591328638,1055.5440399213408
18.87311435741945,629.9439558847431
25.610028893352,993.5237527464496
19.963869287124304,1185.4132956720828
20.888863709189206,999.6025363959586
20.531914261048893,808.0825754247228
20.55025947394584,937.0605543778307
22.948701164740694,1062.683106438575
22.43011577802433,1296.630846083195
25.88972734357172,859.5483763681386
21.357571077989043,695.3602538276457
22.016746501755676,829.1205486811969
19.716507427576648,920.6221413388217
21.72271637410996,854.0030612462986
25.67823402477523,1428.9324133658913
20.972510539279,1068.698982229357
20.6288054968134,928.6410484544871
20.467992995799246,1062.0996965033303
24.11677917805645,1445.1280288036896
19.014877425020483,769.4597169714991
23.92155384177633,1127.050414345162
20.065107209085788,1321.8759217986099
22.76332495812492,1024.26728083562
23.52871456120864,733.9508451391316
25.45006833856503,677.0856277334542
29.09139447135043,1006.3313934757798
21.77256266853798,810.9387304185095
21.750596587690616,1027.572511297033
27.679696144484684,982.5917912664169
22.673956707975368,1141.7607825364848
26.831417996734995,1168.374852440704
20.305541027004637,1330.0761108678562
22.91200009607395,625.3483064457783
20.259072797095165,1138.5816509708418
27.82686038508611,1076.026544714958
25.174023616840568,1203.3674013049579
24.207407197577027,900.8386375306559
19.47391930802413,973.6294796101763
22.19096628263023,982.8269479539208
21.9003992505107,757.8697368958312
18.463165947536744,995.9591644569792
20.586567578221732,1071.9954125874763
26.392080975005864,1067.8437988896599
23.309951595377584,1105.1548224334786
21.62520612215271,640.3540544906723
21.22549932382561,938.5125874077062
24.332174038863396,1224.5827044604991
22.934979093378928,839.384270744265
23.20691098485597,639.1753763509095
23.67926094838132,731.3363737162332
22.26281995851529,645.9474601172521
21.82545617814045,1076.0268344666645
24.499994540866204,903.3517286261688
20.339878765461155,1381.3279597666462
21.772473109004807,995.0726702577116
26.132409619819832,1233.8195874113815
19.709359192287167,1023.6127674203814
26.87556402945286,999.0562964991718
23.498312730699855,697.6751622498153
21.36786669766549,1108.545554179416
25.681996046659776,987.2721096981784
21.980326126999646,992.4117727214821
22.256383387333642,947.5052356313208
20.323075201606095,1034.4372055217195
21.738412296570313,890.9868759655918
28.3395692099001,831.7068478520997
27.401091519732308,1042.3622155144196
26.700615715939755,1214.468028923313
24.926454221898556,870.2531299876576
23.06322080512334,890.9819588542091
21.383635679913436,773.3346495571604
20.368991466663196,932.9148498815861
29.153367782769443,817.7422741090936
24.345434121712636,1027.1988790607265
24.217658316320914,602.228356505402
19.35969462436263,1025.6243654629948
22.31846130751519,1534.0772136958644
21.69747123436592,814.9996703777554
19.048383086031354,957.694841629449
19.086501945107152,980.1355897027225
26.96237254420144,1201.53546898562
25.91257475899154,1225.3679551742114
21.639986733958487,1048.9967990920966
20.591797214834425,1051.560698811752
24.388344390132517,1009.4704880094924
22.25506332829124,849.9907854339996
25.34966374117969,1250.3697415025167
20.422288612456057,862.0882046668496
18.463875742363822,962.2944736454922
25.064190900707707,1402.600939668601
27.185542261802507,448.8756902091892
21.3810446924193,1224.9353272223852
19.382232613434066,831.9854061354982
27.140526640019473,1137.641772451741
18.997729694526633,571.1937009669748
20.276049929143223,1410.5044830993593
19.63955981394948,1206.91967986004
20.81658868856603,1133.8568901548492
19.412902784382,1147.5810778940333
24.241654791223304,1199.3928875432175
25.744145618637912,1372.4136813738373
20.287413842225824,909.0037687729567
19.878993568325612,1086.6616412665635
23.248108203043287,838.336697821788
23.228134239352407,1165.205808225477
28.599165618159958,1148.3911201447243
21.217020765159205,970.0396310296287
21.555878009233457,954.7832282292856
22.989396231960196,1073.1514143628606
21.559818959067876,1133.9193751938983
23.778215007028184,753.8569623783895
28.61370450323997,882.7642429039219
23.16438823664603,994.6911545808186
20.21955572856877,834.1542664527718
22.367018632696634,1014.5192983146686
22.599662257278045,843.903278382282
20.617287803387203,1389.8940156211283
20.516557912605435,1089.1642796761328
25.317792536130383,623.411627763973
25.610748015313217,633.6195802243185
23.487442760950465,1078.1677538002943
22.784192121350166,553.5441337351538
25.09146039674996,1152.3144691322577
20.592300542291458,718.4252020365441
19.171972438110828,1146.5438350498775
20.954437280644886,860.8091089705056
19.52504071851903,1191.8189510165937
22.120930147371016,836.0366656848158
23.9878532661634,1141.8943957545316
21.83070332349927,663.5987007624524
20.127232564882792,813.7904770397869
24.018454993649407,1124.5955716186213
24.388032920363724,851.6690640954638
24.765590343255077,724.9690926339742
19.708620437758054,563.2035314911559
26.26235977227865,1060.6678456166842
24.970297279463296,1019.3230538558165
23.237740322928325,1378.9671343834584
26.404715719845434,1237.9007032501404
22.942878984198792,1031.6565096371207
26.345025851524493,922.3233274060481
25.2495923809297,801.1816073842654
26.47118855696659,1144.7920860550844
21.4592306432658,1353.546392242912
22.759027783566587,1033.6003183573093
21.249824770566565,1047.826864327334
24.912629123521782,1048.7603975168163
21.312386144920442,1332.5538470151616
20.39903989071815,1194.8327568139373
19.7688377226837,1243.224576052254
24.97180248946323,790.774306541452
22.382780706087,869.3679676168082
21.88747622892045,1126.4162301799547
25.699855983949703,753.4385240632431
22.880350754739784,1205.6383926541275
25.648171155086622,1089.6772938115032
26.407572444877683,1034.9436613785983
21.416593149540574,1183.192987650847
21.117850548317108,1121.846867642601
22.47496597212422,1055.990302162098
19.381946593441217,899.8042190899729
18.696710886179034,930.2841427593387
24.307376176351912,1303.5279403711247
19.766155569275014,1092.699473104512
26.93443967745899,1000.0605150508499
20.476091851367027,1163.7570664867935
26.177365907039412,974.3398880139005
23.124889539951795,906.785469594852
20.70553007261242,873.494491449454
20.088918361774642,1054.284213190967
22.99976980579594,1105.479709546617
23.762052743663787,899.2170967155616
24.482746338156918,1260.1607935906238
25.052916418089396,959.9249765309887
22.017521110539516,1178.7090926765445
18.933625412237173,901.8690402361437
26.966832313001493,837.8967311258182
22.030129467575655,1154.344176078321
21.937289302610935,1120.4508736895707
25.756309405022776,1120.6302994521322
19.29857330248286,1224.63569644595
21.83050633704071,865.4300567085057
23.27612461356597,862.135333442416
20.241943693186318,776.1367339817634
23.797349004473435,1211.0463071408174
21.056716970730747,1054.8273541415072
21.858987476669952,1222.9751481090682
21.814716639489124,512.0530121129666
19.84037747019898,783.3899639719693
19.401947244170934,999.0910740541616
21.19513176891748,1119.4594469290182
22.59480349584134,1254.590246011647
18.29512948615585,860.2856733650132
21.559604832110686,1055.7591308802434
21.23170591868805,458.66091692744226
29.497201906216436,705.4924161131305
25.688071686588202,931.7099981887359
19.149428026969623,1208.3433952254186
27.872884889835753,824.539956337304
20.327088573024106,701.7379608952695
21.83268790962623,1116.3091294453677
25.162598050458282,996.0267761909795
22.793368569942302,876.3510878835091
25.984885198587037,736.0777773515737
21.545844985469813,852.7867059524419
23.262350815401565,1128.7418061208516
18.6009884388471,1631.3082933501937
26.720827688470184,1121.1302954612395
18.226193631508544,1029.5392996830478
24.11515893529509,1144.573697456729
25.304719102385977,1046.5563433963953
26.44675731142297,933.5290266336268
19.065421158121964,1117.5545562990728
22.77850675220668,1313.1252817163283
20.651221114616575,897.2207167925976
21.05186460120865,494.55759975327123
24.249405757382295,1112.962316190142
24.32065248787488,429.6767627618116
26.005604605046052,1241.0809477695796
21.759629530303226,1005.4097977386261
23.84478015843646,918.2473578531909
23.427663407767152,1082.738621067682
19.930430323259998,662.9624299179336
18.58847896124905,1029.9878497358511
23.73100167750509,822.264101954398
22.782779378372524,843.3002821160301
22.899796259693147,1033.3507823444302
21.7670636613795,432.56622803271273
24.20001310799205,1154.4678078756351
26.88179913273695,917.6415093991426
19.671047913713227,1129.2891816672536
26.686333399977737,903.7587559817993
20.21095141336893,785.9252930917037
23.009564997552985,803.7271970045413
24.950301425482504,878.4172867136873
27.490224805393165,987.3530483315677
22.146141791899055,1177.3289067405021
26.514790275164465,818.0895349120985
23.83633801270011,1158.5627672080677
21.575537409703223,1342.6077919727786
23.577023503168444,864.6575078101223
24.04734478410854,1047.1093478081307
22.624931292727272,1047.2399619851155
21.823108039460816,878.1642662925126
23.61227355260985,927.9886605431218
20.42069735282499,1187.1364838496322
23.423076392500832,982.4685358889393
18.558567866656116,1194.9657616759193
26.57938400814779,916.0229903034458
25.71095867821913,701.5818957541157
21.530926262933757,945.4145872445652
23.953039997668267,1144.877693625242
20.80842159283793,982.9163020682852
20.89488967474082,1155.1949771329955
29.016363067013252,918.7861135283706
18.769176996704548,908.0957500834263
24.27654025008683,1222.9274032902013
23.359103558436555,952.537247577072
28.326451609466602,902.4806425681604
23.80036962858081,750.3007483021314
19.194670367904536,1143.4611359500927
25.818625396663215,1009.9873486904424
25.125824295199976,915.3855576178016
26.420629210075848,1139.8354293162374
26.503287225224476,968.4635946650169
19.652011920202753,1305.4830841125877
23.416426777361114,1052.4173255216094
21.072487532098798,761.2268218931998
22.17651329441289,1311.4348610848874
19.361243580914326,1370.3156048010399
28.07815076259773,834.981838201609
29.131471992126645,876.7310676136128
28.217692420183376,952.651343005647
20.388776699467563,711.2867640043091
19.14084744893286,1092.0210403910137
20.16352774245841,628.3158549061403
20.186496895029837,1322.5903467043759
27.04125171445697,571.6636214302803
25.061658727488364,805.7186162627999
24.39209077070886,536.0342928721811
23.12069392618795,1106.1817639805035
18.438278388315204,1340.562475786653
19.602009331037998,860.4244502873411
22.151040470194765,894.2938497170005
21.39290093420269,772.087685085476
20.70073670735334,1162.1353246325855
26.221251570133415,1475.7425570837386
24.139169007079367,778.2496693134319
23.03829280533555,761.0751982242263
21.98574907443698,500.51588077194947
25.03444616778635,715.1281024343722
24.07115979441828,574.9362316724862
20.658200823571832,961.7508204309244
22.16224176916505,1151.111084610553
19.74632701352225,1160.268688010501
22.063665469242405,1052.3844952431803
27.860225014212297,1104.5066946971479
26.482527381216695,656.257409136095
23.843773647228065,1171.6365560006225
20.86832808760425,952.5067975470411
24.507097488538818,1214.282473009368
22.120175737267566,779.0593001213767
24.43075082209135,1022.235765513445
24.834044020643365,869.1029202258158
21.253813575285236,845.3040627991531
21.70225244973204,625.8305746999392
21.053058645797343,1191.0664955817776
22.33568682175407,768.2787284770174
19.99433294945989,1235.9638185045546
20.739911289370813,794.3780047051644
19.778188985248953,1526.029898072799
20.652755406174578,990.6891549813656
22.99636790232436,843.3296440028357
22.485788451078076,802.8092251431674
20.09346218109148,1064.5308626485985
21.19548265845345,1202.079824851988
23.185237165880757,905.1722791698315
20.359509449792675,1116.9217790862683
20.24862087642411,685.5670096157438
19.332952026213555,980.8732031882056
22.455943257281394,997.6885997108711
23.869007367907017,919.2581556651533
23.79900956629006,1121.679336544309
21.551394320677577,711.7176526542023
23.592786413298338,875.1478526548478
21.36063268671986,1084.1647713162267
20.163335545762607,677.0539943069587
26.078551351239565,1234.6759985619005
27.200378437084957,834.9311144574405
24.609424754198386,838.289489352756
20.848599262619874,1157.7547682116135
25.07585933328131,973.4876112732079
19.482596685870835,757.4093210967956
20.852236874246547,812.6974364075041
19.98552509793712,1228.1946283950228
22.406323425792635,1146.260798902392
25.867046118705233,921.7462318077314
23.278011320625048,964.6723652526794
23.828307125892174,929.3684612105284
21.55456624551433,642.0095998646319
23.19383293755884,720.4924667066305
24.87023302369669,833.7825350160205
24.367064842380415,1282.7142604797514
23.52999991150049,849.4876158926887
22.327531335785803,1110.7647542991444
27.527446934229452,974.8597391568517
24.15424772330369,983.0840358447689
25.292037777014777,901.4674645173228
25.534726939375155,732.361346075143
23.739986548107133,633.6336019253581
19.461291298089126,744.0629478792412
28.49950095708231,1331.3669014471207
23.42458856873553,850.8467842050907
21.698322099842386,913.2229537518924
23.902198951172934,1122.4993330049056
25.437471458503587,886.0531083582285
25.342150438951457,1209.0189253440276
23.01912039783052,1020.2888309290898
24.595195903736435,801.3698709914429
25.585168364734255,1014.6325061105174
18.705911994083333,1272.2116592744921
20.111332808480416,1006.1077961197218
26.999881715990156,1398.0564300067101
24.94315587090215,921.849554149733
19.209474814013607,1335.3719301432664
24.40985645274996,745.0299837121927
24.311460601875737,954.7422306686606
23.78343256371072,1103.0554684014035
20.64002256315825,760.9831125702135
25.18156936188643,1265.0246559340221
22.92392244933587,780.0333168278643
23.811620521617808,675.8827135459062
20.5819455024997,1065.697224555192
20.389133194775447,969.6822337681441
23.003244349325243,909.8404242764153
23.110734226812543,1134.8819936786836
20.2798109236356,1049.0099333855526
26.607160845439978,793.1675875594119
22.049810061884404,1007.3199195379195
23.148966669879876,1018.9373288396669
21.22896403153873,933.8404078520382
24.12560660030011,1409.585124029284
18.710550353609797,1120.27759863121
19.888128601881405,728.6453001647335
25.374198183844214,837.4965144896553
20.910127719976682,756.4822216607756
25.04544621575112,1056.1984230800506
19.283057130047744,1340.589326637957
19.39373200623585,1015.4194907683905
21.76974375693723,703.0089395268664
20.868578108418014,622.9418685312578
19.371464157631017,1038.7294601083968
25.554838142028714,930.947941582112
21.185317726207096,743.9019040582027
27.050590659617033,1355.872759672928
23.682983164045325,1518.727640971139
25.44380680293871,1365.1066040574597
19.98304483081582,792.0149808671115
20.981634846371815,1047.8805043624716
21.284475855110244,960.2762899787506
22.849381184642994,1057.4417457288105
24.223140495272737,874.747532903287
21.89049431253671,1250.824403591909
21.114177174398478,1187.2275577547646
26.24962249308044,1090.8327945489189
23.914539020941056,789.4428053940994
21.203605703348032,951.5578680070756
23.020007494345705,979.0270234408392
21.142848622014565,917.8992160191175
26.02227174539486,1123.8576212237924
25.794449614067943,1429.2584818350656
22.70919154407212,1020.6505967866514
20.61517096595951,954.6961257196143
19.555672103912165,1343.0774454970335
24.487651212552258,1162.633161141042
24.34455404523556,932.2158811255315
28.642867367082246,1001.518008262446
27.64539487862335,1094.4917443741792
22.818015358164445,704.4877339131306
25.875544602701297,1185.0311674663913
18.945475005498455,1234.616061385876
19.785728928766513,552.2826069335854
25.264030969600004,732.2671116943093
23.281505452998875,1041.2568322700627
26.08178468173438,835.6734361012701
23.682898069185633,1285.8278328479878
25.697857858315015,481.99954446449556
19.590446526220607,946.0958921428104
26.638103306487963,657.9233706508095
22.3150927706769,939.1859644807176
26.880448191777862,1043.7058573995187
18.4637887970809,956.4743317505294
21.162987742656547,736.5051175637327
20.179070363367426,447.4399325070417
19.744139492294813,1266.242918584753
22.949787128566847,1030.3348025044786
24.497866743478927,948.589377190731
20.481614413132633,1040.8826132489828
25.200383935367476,1044.4464527592895
22.16731337500003,996.5112099654546
21.135193494266296,1158.2365192736536
22.19050408399043,936.0093218931704
26.01468622581623,809.5506422643408
19.555446779203084,1350.1690331661696
24.009641895725043,799.4984568634807
24.426689478050896,1198.3189664967872
22.84894038619739,1216.4361404890733
27.025550575397492,757.8373372106273
25.277064729848497,1095.6293612200948
22.435312133603095,1074.970652835719
25.46902230842428,1045.6099669091186
28.21953886045317,974.6363783064702
19.581571040943093,682.9275245224704
20.93597757814205,964.3456082769931
20.118411644625816,1118.7543908545395
24.223604877071555,919.8584957907153
22.17969191356987,975.5843328268189
23.406152369663225,1193.402182895646
23.080427882247946,1186.394369736165
22.40929703462132,1310.305971023222
22.933779287661295,1154.5816233471833
24.515350251212848,571.7414987663501
19.270517506953748,657.5673174103842
20.241103418866736,689.0962035726291
22.329216384529815,1191.9287210075518
27.685948797838478,1086.3272053035134
22.869599463020798,921.5612307509039
26.03078348701511,781.7188259940995
24.88540664993122,639.0753823528817
26.0585122470875,1179.037189104003
20.41765971079912,1079.2192166828327
20.972697549393594,1205.3822077152217
22.581195668727247,879.8178897506127
25.0957423397391,1002.5291017690625
19.673300620686646,1143.24689552834
20.909188885536437,994.1243534277634
18.484847741288927,904.6271721073126
20.334659263205506,1021.586704387784
22.609102994577505,1054.614828315979
20.47505053863062,761.2207938684778
20.015925113535467,1155.416290866488
21.60964387978205,987.841286508823
24.72810699292406,939.1682218890063
23.145764427093305,777.3667818844292
23.520246980083957,944.1578171837949
27.235893253280828,1112.504906354341
20.888082228238524,780.6541242043409
21.407180839268513,372.6144772404034
21.201369451660334,1276.0961707621007
22.85369178122511,870.4090139200356
21.18915305312032,885.9551680559574
19.922953103540845,749.2945555533302
25.333337566501704,956.563869422665
24.662755545478525,1022.5301255299919
25.748177536507946,1098.6788196760972
22.754976120060764,912.4187910893546
25.602774144681305,1115.6855645612961
19.17764801409459,909.9012326937432
20.986143160458237,1301.0599162233646
23.467765500192293,863.1459330679309
20.71292817831368,1156.8549428553026
21.618263497854752,930.8163063129339
25.499334127365316,1064.6742906821175
22.09945436011829,480.171742723321
24.253186354246367,716.135766746746
20.735975703863417,779.6558919772766
23.17626790864763,928.47106777356
23.57731503383664,1068.8919213050358
24.328169231217004,836.4326617646913
19.93486109602066,1338.9347018625806
20.27427593020812,944.3083891407813
22.87334408804025,839.4824462245508
20.66628600141907,892.3067470453267
26.352674289434436,1217.0764280266421
22.709084046964293,987.0772892009543
20.27476605492123,1369.7779828021658
21.036379917360765,900.001386972419
19.965935968451863,1088.7272045137609
25.673590424665775,964.8779907176962
23.313597219353625,1020.50057256121
24.655104333171142,884.9293795217732
24.981504744009314,1251.4143199250816
20.2597018645073,785.0152655152847
24.585644188813717,898.4978389870811
18.855327856545465,1039.8213112805402
21.369880596793013,1104.3948691504677
27.278358151023685,500.1267242964051
25.244574445912992,1030.3075374329437
19.01575506632245,1325.4443582361366
20.73828389455006,883.1192836886611
18.954902451770725,1328.9897302347813
23.41781327056336,1072.3771699416757
21.93303812502847,864.5799466118372
23.119335348275108,976.780820726181
20.725184653589,1190.1714691616742
21.09510657917881,949.3798978065234
20.41308922610466,1258.206847417885
22.67972919338136,791.2900804195665
18.9839212313076,1324.1074991636958
21.590156102281625,1101.517757344687
20.800809523172244,853.3466846689706
23.25820011945811,741.7326811439532
24.948054415584988,881.5455260870963
19.421699665966855,723.3027846604929
21.80451430323327,1045.76326189241
29.121596248713516,5153.829319810318
34.39466759859914,5038.400348079958
38.49001726367307,6103.349675904805
38.99051737366628,4303.570609097622
26.488130356997598,5153.118063207305
33.29322111183302,4977.896059285137
39.764590191145736,5316.052654516581
31.327671921248253,4961.530852603559
33.642934739909336,4514.474490328542
36.72889110825927,4531.783393925881
36.534702245211804,4933.703758632195
38.80106961806949,4735.237948489697
27.74018455465074,4673.258872317376
34.10418269615823,4824.6055972409795
29.893732846640056,5135.077318942155
39.50880729059962,4351.4341587570025
35.77082229766779,5066.159806748274
38.42601836086896,4387.036600255532
29.985620593684928,5095.464728739095
36.77706061847884,4384.75740612647
31.846206962357385,5920.030190217916
27.622127456867165,4858.877864662619
37.247571385759464,4699.877236623541
26.340794268474912,4967.428092308608
31.79331974813057,5348.132947773696
31.522105725233622,4668.44608564516
42.202069016418164,5200.287866921775
42.78757153831536,5332.310706119421
28.625459768238812,4672.173540202439
34.40837281176501,4602.436481197677
34.64824092561874,5060.037600869696
28.458837481002625,4536.2023479060845
25.17272992642925,5240.2809066346335
41.552967573052754,4688.413735494621
32.626341365476975,4986.058336603584
27.16507245076587,5151.926200645804
31.811861085834234,4474.914589594579
36.56637165820517,5297.244761445349
36.3841255828246,5725.648721667144
30.70255855536353,5085.178653677545
31.400722510522087,4817.100698548522
35.45092660949035,5845.985590345432
31.959169053693763,5283.491076094479
29.75739261083203,5397.639936294562
39.43960508885806,5439.155747936625
37.4282174959953,5242.628539598385
34.499032056178066,4510.539949307115
28.81044530968694,4773.922554948822
31.3527801252011,4778.355652466761
33.227394448067656,5042.414308348442
35.67434635838225,4928.3538008208825
29.48494746251265,4799.50295982143
29.787721945690663,5782.954343010399
30.466851736345703,5238.177199658991
27.614459088933618,4397.203481442795
29.46615054594773,5384.976548673851
28.82683196552601,4907.21494315637
35.41992190248807,5182.982779367171
30.677156468334864,5538.075629517602
37.71297213904526,5552.057047539976
32.10647438624721,4199.960725724685
38.22628904430475,5305.390121781641
30.142495654450705,4400.328101745854
28.940478548963448,5828.4431241549655
40.72857973822649,5693.821241969043
35.87459291344758,5124.723784930295
33.0832733572219,4442.019752531498
33.26546253491133,5560.565502566926
30.203321393799627,5485.119055700016
30.285489465545663,4488.964392023132
31.998648036203406,4974.041427918016
27.630543314002715,5044.65343750398
35.049279858287875,5230.280383756878
34.45047827826784,4382.766577234968
41.876236866949384,5098.530880472259
35.189174184840894,4895.518028287097
37.52362617259499,5215.3626556277795
31.46756705714613,5318.754628397566
36.445936575056756,5682.735015717239
41.3559514849891,5414.192745440453
40.870753176285135,5360.361395492608
36.087092601056895,5326.943908868026
31.830969752415186,5436.696070367473
33.004411364575176,4395.444255100538
36.521462212843616,5202.762830020125
32.566084328570064,5107.689032211272
33.11662441191425,4865.659263351936
26.828621922654182,5058.909202644086
38.71259107689078,5577.006640523279
29.782695617318225,4934.301023363968
35.10286367117834,6184.197237402703
35.75219307555058,6051.286785105687
24.467943951634936,5013.015221306827
27.224146347960048,5709.618790598934
37.58167108828078,5042.039487735337
31.629727033550303,4791.452468480574
31.17488854764414,5458.228695202876
30.951601558238433,4385.329472727801
36.167686528098166,4917.628384967219
37.86977121239853,5480.63570236481
31.815230179912454,5299.523542167854
29.35983619387473,4483.520209582927
27.625603338982906,4887.79680763286
38.17787949607004,4986.297386431279
32.5055867623354,5633.289961823111
35.467391930542746,5487.074173967902
38.39683000331411,5983.245233480467
30.299702548250057,5370.19191908253
34.407544247636274,4165.413060653647
40.93075756224926,4717.883735817594
31.733354433708413,5168.701829500993
28.14768371295231,4505.74721335514
36.082944434664846,5075.111414087026
28.045618919607943,4971.857775949526
36.42413695812129,4792.939147785972
35.85068224727146,4883.620781026756
33.61031240399471,5029.439924161476
29.877488063533672,5888.523156628586
36.161735621147756,5986.030393811137
31.921845149673768,5165.034744450169
29.91785137031003,5790.476801222496
32.68578866350116,4764.846982761896
32.476871183019206,5349.265497987993
37.756809477816596,4727.933072771989
33.54363715792991,4907.835783058769
31.48673203930898,4513.463504314228
33.347705650006695,5966.086262507624
34.53067587255706,4328.42006477461
33.908986996371205,5606.831091532794
28.09468584356232,5055.740183607411
27.828817714152752,4981.762753651461
32.778929186310975,4509.739221903649
29.746222707156633,4761.075192835856
35.379203382019185,4974.47452592873
35.239624466180636,5514.127426201062
24.49542316719293,5553.887462639669
32.332728291815336,4702.7556851989975
38.55327887755455,5136.805131816569
29.75225441648414,4830.04974423449
33.897327821717354,5580.812910455327
25.254975287901505,4963.307261083965
28.519161694139598,5222.946802474597
29.993888289480186,4466.587446512145
36.40045783000845,4116.21874053468
32.748572418688354,5115.7457472384585
36.672119602710616,5003.275263016364
32.63229603695047,5403.177591644342
31.71457379123264,5241.003995136753
31.030897771010828,4828.25588593763
34.51854488000128,4767.212335886869
27.444000953855856,5335.000610495343
41.01469572869952,5057.274360021852
35.89121443804012,4540.212717568606
37.56520075172336,5357.7860626304255
28.762542033604316,4846.0029788902375
28.851033276276063,5421.75595125415
40.038443487326745,4744.125401879654
28.187704273934912,5321.380966334693
34.073347266359725,5466.269839653933
28.017439218431175,4251.2463110332355
29.378682562867837,4632.568348892802
33.24674557934041,5118.209137398639
38.80731736756198,5301.123056477707
27.415323274962685,5206.900095172682
26.3911083889327,5476.8909356191925
26.424077246119687,5400.742537773257
32.03348390735078,5093.496094360936
28.550479452993763,4829.973788006125
32.90857201871261,4595.873810637349
29.650166315021618,4107.7462276732695
37.44983191064287,5223.769980352677
28.2265701013661,5674.582521403268
30.422009810842106,5698.470265242526
32.75675339161157,5036.546352302685
38.85061976785495,4594.471067152053
31.946482668076847,5206.5954279240605
35.148929450685245,5310.239258225467
38.56785481601992,5195.566399430047
33.32698410694677,5032.083916457044
28.5215530042827,4930.094436988323
28.359726630193574,5062.400530156188
30.834955942669623,4594.974565843514
32.291461850164175,5427.141739375934
29.036601315936085,4047.203277431355
26.513499072567516,4590.592013236359
38.21269381395325,4802.531719727681
32.21764590653063,4062.954054727516
27.28763281790838,4650.429353340428
30.113406002309013,4619.5574919597975
35.30684706279814,4987.575543704804
38.34172753398282,4974.6252596129825
40.874432582058304,5617.564079551762
36.29720147506859,4876.971575014579
33.365207139798756,5584.054975181842
29.97570610248459,4488.894445562337
32.55491575603516,5097.748062771109
32.60867488014761,4742.403680607423
27.62875773551634,5630.756932857384
40.001778021250175,4970.539371289611
42.94304941674297,4500.837171084312
31.630463313701156,4289.669871915659
25.439554351012067,4181.320412667486
29.341365227147268,5108.091031907981
36.24607440186742,6029.720611609105
31.834141852145642,4437.823686210272
37.25530039685288,4823.559351229529
36.94316433575881,5648.3391656140875
36.79012763005394,5101.530861296266
31.997512358104878,4809.400960233349
36.04141019394757,5242.774268751441
37.80128496262674,4699.3879335737965
33.0736787529608,3756.7233836088026
36.70268070918414,5165.4814568727625
31.52874523923472,6151.009838335907
40.74568337636435,5638.302711063009
34.93615478930059,4667.271318671552
30.91587353652818,5101.233593046079
29.912561916025084,4721.70969514811
26.001956380935606,4722.526953181985
29.564398993678168,4055.061030749413
30.20394341622996,4907.612137672197
38.07451866118355,4461.859929418631
29.65225952885138,4870.079227809518
40.53125111184825,4945.122864195251
29.694024032851402,4858.4940873219675
33.86011104940775,5974.720605177366
29.8932704400749,4575.500124172206
34.166269045640604,5075.182075125092
32.35129905179404,4761.649898061259
39.024868062053805,4693.858140669124
30.09921975797456,5395.383531398288
34.33063717264821,5140.59613498373
31.55018990985529,5597.665311372659
30.383501551845384,5255.150263410989
31.00916134354447,5327.978426495083
34.23775964518896,5463.814467303809
28.888363044959,4636.911505579939
31.175530527886906,5270.040464285635
31.82398404144427,6028.156818989367
27.110043654026416,4955.228741817566
42.941452848009604,4802.428362966194
38.381004334155705,3819.3646740150134
30.084735056437292,4848.8303498008145
36.69798808723464,4505.173985962703
28.142174666910496,4709.286168246337
37.577886274295615,4497.400342993637
38.84039321787282,4651.446925475993
38.54357706697609,5001.361871486733
34.01280632353056,5512.545243098517
36.77286617938596,4688.317355930906
36.55111876012884,4476.54813661256
33.22105344859253,5051.449566344811
35.94238592486494,5119.162910942536
29.565491039984025,5172.898316575969
37.603784687648016,5139.752563837489
34.24325758124711,5531.770156647447
30.687836891755815,4985.267207903805
34.47244147238245,5314.474256994929
27.58074999811225,5360.135549180335
36.599992863936805,5333.395973699194
33.21351297360763,5598.5132510525
31.70035808631363,4638.488923256407
30.69829855165301,5821.7386527769995
28.661130387179213,4609.525309325079
37.07159786927652,5191.9350419398625
30.28133310876866,5650.018707464867
29.477942762234814,5244.973856567181
35.75796377948121,4592.184835194194
43.094738082235786,5029.736120307922
41.19224389129529,3998.685678212626
30.21858907443334,5294.361876174806
31.41544331125482,4568.782394883878
40.858327804292905,4672.6834027406385
30.868787580573205,4979.682444815519
36.29081965554938,4536.087060477415
39.593114686477534,3668.049854258332
35.386471738039546,4418.707705865324
33.10101370550634,4514.387445410028
27.178970895610586,4977.212239573489
32.83454339946488,4608.195113820876
28.779845673891526,4967.713935039041
36.63451122250724,6257.2430157798935
37.90081361707343,4797.989691771994
36.39722029300734,5866.661043813738
28.85130161977539,4270.658160577228
31.394642537577308,4087.250427417298
36.30359428447513,4867.648969181826
35.45861973818691,4632.5867211612385
33.08937220365658,4090.476991408707
36.70410035580509,5056.61838347148
30.106652758846938,5185.717587486229
30.514712740805976,5612.684587114323
42.10926857925726,5560.172059344892
33.00770015880118,4688.067453241195
32.31048900160431,5557.642815843392
31.634204972152006,4054.412559582009
34.23896123837564,6481.241324727228
29.58819246064853,5821.526781519649
32.17583077768808,4850.462845655767
30.74413589392755,5669.299777090664
25.675980984097972,5092.400958746027
31.972291166756968,5251.2026583946
30.94367528062056,5894.811054803067
31.188633729552947,5213.638770079786
32.8485952921588,4933.7349369403355
34.911493457430126,5478.522473734434
31.545995919033842,4758.386821712863
36.67309850029157,5466.9976204933155
31.009214776873087,5054.701098878211
29.066981789804718,5045.396411223296
35.27328229319838,4796.997403740804
30.266300911041704,4657.455073666013
30.306101923808527,4764.886912005527
37.36455996738086,5257.877735850529
38.13905713099596,5604.660676072708
43.797366315695584,4281.838527480853
42.530730568144904,5839.034060894231
29.3698661379391,4926.035675333599
32.462995369841146,4946.50185436838
37.98657683224762,5529.3047902109965
33.74540240759926,5301.4395627092035
35.97312646552164,4559.621698566369
28.64799712652913,5065.0059205526695
24.684074478936736,5485.856414984687
28.144172445177027,4483.708811013691
27.215160939882857,4617.9836998740675
33.48791500187012,5390.940809308671
32.98015799117778,5336.723808988795
27.43311670252861,5117.940040434716
35.11473561363116,6137.686636439012
29.023041245577033,5291.716013687718
39.32090699320159,4825.750478639532
25.211855218822205,5910.751019100366
35.32367927807945,5721.378386710778
29.15762244650181,4697.696898264537
30.909016986980195,5432.320619905158
26.461719492526097,4795.040290435186
35.02913767849082,4730.108510017313
31.832248805575624,4585.827939553389
33.242992417536094,5577.484664795548
29.944907391298763,5508.869028840563
34.40818598866893,5084.794918873761
32.46483631098812,4623.464720643938
37.31466369791302,3544.597404544966
33.058548547422696,5439.374293009502
30.95857650529348,5162.398933141875
34.156881029614524,4757.180786583863
26.859171828966357,5447.751772305445
31.061527065984063,4995.542583548794
30.73473368051369,5021.541794098585
43.22155384506379,4650.999366969463
27.875479897148573,4642.201202152069
34.9630536086639,4657.906608100629
31.881477937263167,5323.729386486631
36.11616254212204,5016.5868706051
33.786938581895754,4601.71443635601
31.29495821957959,4556.614644041744
39.961055425860465,4542.836110725526
32.44681183470193,4855.972943985693
28.701834781627436,5280.5787792558085
34.963847539450875,5160.978178722677
34.58440553985055,4642.002055961879
43.31772779686868,5245.252215350475
26.20902182451435,5173.113844048869
34.104251195719,5020.382719922551
35.36910206452411,4250.55123203882
32.4684424008976,5457.027368239322
25.046576571924223,5169.923411730155
25.804305526776233,5131.9109209802655
36.335107598931394,4724.532170981005
43.065673058448326,3740.7442346275284
27.208144688490552,5233.7364549191125
33.1140299621349,5603.802673651197
32.513198651732374,4598.391711674742
25.84440726621141,5037.264251562204
30.27833969919952,4870.654551401333
35.1112313092362,5303.867846802575
30.49298301442558,5641.60736939973
37.03292197859074,4408.785152655931
29.292817164817514,4908.367816362495
29.352859237163855,4455.774838139274
32.47661068140127,4327.592641157035
36.195819742378646,6062.643740977661
33.48745978091139,5338.732608594045
28.927886099249676,5564.445927451039
31.396168583191507,4707.77316110074
36.97551036722577,4397.4376097565355
35.250721439163975,4994.252462105306
29.55677039973387,5155.458222261
36.17145409276233,4397.040804129585
27.206842110918874,5128.8808772581715
27.967850750720473,6129.336272426957
31.40047514955308,5282.401495938558
40.311438444436824,5167.522394790039
32.29979542784971,4643.670976475408
30.796529500073923,4833.115907686978
32.96661296617668,5103.699569712052
37.38935333317965,4882.198879483661
31.96933827649739,4550.703081848045
40.13005527197343,4526.638170084844
28.7817788178277,4809.055971903129
35.80513134097547,5592.481695448349
30.88593306574427,5260.4893410990935
31.322198432782454,4480.452457317406
39.898532979803115,5228.281352204058
31.195060463856592,4523.129460191798
35.82505403015766,5170.129725011948
30.261748428696123,5415.703764124379
33.42094503304782,4607.580840884896
32.43011790679385,5387.849542929276
30.34213463425167,5589.978961874831
39.570237644638055,4401.722169230177
36.65300393367817,4954.646905913697
31.78087899762832,4714.114244164907
33.66888079512106,5172.925786809188
34.23921457134453,4687.016185173156
38.020832636585986,4690.079781319367
32.543696429657885,4378.062039642241
30.210377478862117,4274.844823025126
32.937487244837804,4924.753014006603
28.966377811699527,5207.179348334463
31.831111917262128,5164.680946504363
33.05993909621889,5086.452350296989
32.54850855908762,4020.7096594350487
41.638281193097534,5791.548152995779
33.08311373915599,5503.203874062827
38.33906161632555,6328.502991233394
32.63532805902763,4150.229419028904
31.034436913476842,4750.411822506838
40.938623319087,4455.925152801364
36.71594686435198,5629.5227468001385
27.708227291488086,5868.783543245162
30.547186638051173,5854.118006820554
37.725659291153725,4786.325297036052
34.649277802858265,4783.16078133299
26.849766208370422,5105.732223776998
39.88283983701439,4944.684727232553
36.532549545229934,4960.437182470653
25.02218938794961,6228.737410485346
36.56437911332775,5824.467264358154
27.338798440357856,4922.2012897815075
35.27321672607468,4575.589641461422
33.81066225077013,4194.17150622671
33.51617813777515,5115.448220712195
26.85379807017234,5521.51948090907
32.34571103258688,4957.306137082811
27.603083618106595,5857.379117585865
33.1472021548272,5602.854960380444
29.36205580135095,4892.010111771642
29.259556842370223,4250.790412957243
30.019206606872917,4496.91220191438
31.769518750189214,5130.891506598715
37.64622161746819,3843.087370562196
38.22928718544053,5658.952484188261
37.17211537864088,5816.999733919184
33.36401470604739,4619.026696198963
31.1119124744176,5154.292887662685
30.019694533858793,5307.181706002044
35.2253522322434,4468.377185241149
37.66636071267693,5081.180769665196
41.08445291331263,4967.512357313724
29.65895847531177,5448.660892746334
33.02187285124453,4335.565597792745
31.51353559663433,5428.332327093109
40.08814468911483,4735.468608191278
29.33182973828798,4531.004469474797
30.420678998125055,5442.197265668803
36.1548221888228,3705.66782877304
34.32407829779831,5477.248537059434
25.93821963879382,5822.714237805501
27.667615051870378,5813.07405113152
31.720947160718836,4842.41497234532
32.990427510981974,4641.4421205578965
38.85203733896004,4593.323205567366
38.313752094234225,4690.651480672428
34.74921084007597,5612.116455239453
26.801398204326443,5199.528377836568
41.11551691583918,5509.693238298506
27.52472082333329,4768.432534756565
30.41889473182981,5062.55118443628
38.08237705865278,4515.461023647438
38.95682112471246,5738.694474343113
40.252881643575876,5331.457486547101
32.00146050452902,5669.624405751141
33.2281134566952,5345.562683374767
37.01006501108759,4813.562794878825
34.65151313750302,5005.872061685218
36.21678358957379,4314.238575698943
43.9187333826979,4255.990129866013
37.17742666118019,5057.838473026672
30.385119631687207,5174.860824323732
33.17956652519672,5275.997994972313
35.52859313797528,5754.251119743684
33.18261708805586,5246.451844529451
30.838894339015354,5394.022298759419
32.97636206221784,5753.149257007639
40.634155264189666,4844.406850935112
24.766053393347477,5547.37845151993
28.658941628387314,4789.2437009442965
33.30260007380354,5433.844407384317
39.95678339202804,4923.891941201068
33.51866063112336,5364.618547412962
33.919714489883845,4633.277979229414
39.10595826935833,5383.6200321216475
35.05968167410064,5287.003349546921
31.841122235122203,4669.031298226461
38.63170448099149,4345.956979258818
32.2110472828955,5233.334157252852
39.187764056525886,6269.472417187809
37.08824323130212,4932.169875173912
36.46012333088979,5664.914963332871
35.62059190163639,5148.472200180326
35.00480705454578,6133.285052938685
35.494540429724225,5084.541170849762
32.19086398376229,4363.819825499524
33.34077707822742,4343.683711936846
33.662447410201295,4941.052563923768
31.988155283190714,4287.1149545051485
24.887997248420493,5576.993323855011
38.3868518028427,5965.404500210251
32.05828794070396,5402.865365577577
32.735532172754446,4900.707539580582
29.166049107157825,5026.37385918341
34.56558428256796,3478.5147456635764
42.99989955462978,5455.677395724335
30.07748266227079,4707.9144167308195
40.976639442175,5116.029456134045
33.08889630762725,5767.125355843343
27.320545655647976,4478.8841180695645
34.918483728926134,4892.439099539446
27.627166636539044,5506.409060301521
38.19062606066883,5293.559626675393
31.933351805779107,4717.323845964051
36.33316478647853,5050.328457411589
33.63673084727692,5286.127720064148
31.713694305818237,5576.67389333898
37.26867617287922,4495.374903308623
31.05481569020337,4713.092519338584
29.97134592603077,5494.528748578255
36.15659304290281,4959.931559360842
27.45922958186678,5248.482804796153
31.721759504402208,5138.461291877162
41.949978127215815,4860.264389416294
28.601906205746836,5420.770614621369
33.20995065009221,5295.495053602997
28.13586772139578,4538.165068453641
30.15420287774114,5130.202228537608
42.153364485100816,4327.391948419445
32.78933659748965,4246.631716009639
31.66083662949847,4488.3809970853845
33.483900534277055,4852.740491886767
32.017309350210525,5011.649389007538
37.060914618460984,5502.122268036053
33.86787921827908,4876.6643646875455
40.167419707120956,5103.4313555856215
31.25142624667602,4612.244507770957
35.259754244336605,5356.070624294392
39.516476754289435,5177.794857360225
30.789660486565367,5655.717653550798
29.51660418260681,3929.390952458351
33.82848675761959,4719.142656174704
44.06342348005267,5322.980815703952
32.88720315138835,5295.354414844374
31.09652174412972,4953.668505322688
28.605349543231235,4755.166999919746
34.6401100660911,5752.403520409137
30.839823997194173,5066.601148819535
27.276462658376825,5691.317480985917
25.59519654567063,4872.858177487314
36.668271759656875,4529.11305972973
30.541459402760523,6130.843053858433
33.43973758679687,5416.997215408233
36.05602069429508,5849.131639039259
27.17864715606432,5031.245437665965
36.45687127422818,5139.324925285007
27.174623567700856,5146.373263168154
35.695691680064826,5532.906373845974
25.85780872400879,5212.107901694141
32.905664531596294,3942.9440585482243
31.929248860576116,5024.079113593443
28.82793165814145,5546.236306770712
33.25658262724904,5055.96987235332
33.92061031048487,5967.699953377165
31.851758223799678,5300.582683362235
38.6565081640178,5090.785574254311
26.539930777097496,5190.400530426987
30.801377396960635,6017.297808002832
31.87047664430928,4208.137253688597
37.31675979641823,5649.532124512179
36.799839486779284,4602.520029087042
39.001456674314014,6009.848731874246
37.480074070626806,5096.24144404899
41.54254788101697,6103.277944212408
29.41670564837688,5552.440431700767
35.202435311038485,4418.309417164129
37.28448507094034,5721.484035811924
26.8719385149111,4698.444219115191
30.632963771365937,4947.62083618242
26.275176803723156,5573.451290016643
32.65167550698571,5352.948936302608
36.803252260725685,6339.929769313935
38.54223518848532,5206.765028921326
41.928664932029164,4792.63340403218
33.5674011198663,4909.681816141587
27.076619270262018,5591.244768395444
32.70761599393225,4953.120143832279
27.550485222638468,5358.087764140376
34.72638906375711,5398.707485708737
31.779701479285254,4520.4689449893895
32.440294594359926,5601.109162310854
37.454148966913976,5018.00208616917
42.093818192325756,4969.386148979117
40.23411095168035,5557.811408400535
33.0284699942283,5335.537993580232
31.27100134467415,5091.500096670754
35.39422191455825,4886.790959193467
32.49757314371025,4121.935636017561
36.5568125895398,4643.670928386751
40.63257779356829,4634.59821092705
29.854825987078762,5573.5214769296
31.885139674307,5141.782307057736
32.259111773660884,5285.570827449653
32.59797117659718,5334.3622780211645
42.399533538106795,4851.59616731858
30.139400272795758,5277.9925025188595
27.879219832808683,5137.188508166605
29.12120087772763,5092.8050687379755
33.31201211955586,4867.902440545665
31.135334466861412,4824.133660718638
38.77779894832563,4083.1549447665634
25.276725612187136,4203.036436482886
38.9801538954622,4158.555518209245
37.87550194891274,5305.512253726692
37.07485536921322,5960.495552195484
29.40861118080389,5124.984854577029
31.507142827233125,5706.879149312447
38.05740331882676,4808.591859035403
38.713580724189036,5456.377793659863
32.30897518132829,5323.5588169921475
36.81287225628641,5102.964613682467
32.75145261091709,4546.582217017528
34.80714416376694,5657.536562016969
43.566676784970745,4526.797832479038
28.36516817908757,4944.569256661541
36.261529367882375,4471.317759549725
41.93622530498768,4443.751918854705
31.573260696194378,4642.448350208273
33.181150931904746,5072.821652977427
41.698661345979886,4740.572304086249
32.883122519195375,5169.402174229661
32.99158009056885,4531.661699344358
40.27290304455133,5372.197681581131
37.40133618425792,4605.959601236359
35.21859832236695,5445.442543328051
33.2741288915425,5193.518592954184
35.7080486396192,4956.822192051978
34.29902500959651,4958.450030434316
36.006045318554435,4179.8126231536025
31.484689803122166,4804.775489736192
39.4355906496866,5864.519493673401
35.318535402160634,5236.30693121857
39.966881887371656,4363.976374520428
30.530916541776115,5361.2844613924335
27.206730765275424,5010.920616728551
41.97789938182596,5211.9102359183535
44.170525408007,4860.532883549432
33.542547338617794,4690.0114466122295
36.325442924941754,4926.377253016683
38.15202563729392,5740.304086309484
28.810334754849727,3852.4160395323242
30.065945990000277,4394.243681215772
29.932038823023703,5142.738558604597
33.86868959778902,4422.6584620488
34.24168574024454,5484.881279670435
34.90316914130544,4717.449477864545
35.895957562908634,5398.3283563087225
33.61393392894246,5128.632534141291
30.21815043319134,4578.321333538828
43.657120982807086,4897.710583562579
33.386449449957304,5469.660246301635
38.60595636966521,4542.61298009914
29.357783934149225,5398.238099003081
31.920318662650924,5297.265117350058
37.83018120632636,5006.330027703921
32.44898194691804,4420.399705392198
31.67053614510629,5311.476239756337
32.353723177634635,5379.979265828044
31.11360554623197,5340.5897773232
33.99341263383833,5176.759827239711
29.740986261263252,5191.0083847006335
39.05070556341513,4486.082897279836
31.38110070422802,4602.437447651749
30.77042984308699,5579.408253102941
32.03878937151946,5908.236872773067
37.214147273179286,4940.398561509919
36.02083525029444,4833.7827815237415
28.141881942249242,4417.092745263021
33.392752500125184,3533.768010445338
34.94612539800016,4117.506139056644
34.45356930077992,5048.936460379978
34.1801348226767,5103.510434151397
28.09932527266823,4659.532798873891
34.62350004530107,4810.538706703159
28.07501695636795,4889.629445835859
29.63690417960349,4374.1698860421175
34.652199709429944,4594.829158650413
34.86150680576541,5167.040116786907
34.89344214019499,4707.996020732015
39.918323593859995,5944.172970915445
36.44117934127628,6005.914550718602
37.07686788314586,4604.8316481872325
41.68831798053576,5035.049147211424
31.412506618265475,5549.848390602408
37.60073585274738,4771.849820290648
32.0396903198734,5098.619649378986
39.025446590954225,3985.2862182103677
33.44617892215092,5214.697421236988
37.25992631240769,5876.656257393399
33.32254272681618,4013.6112010188544
40.68393116900778,4500.328065935263
26.548778475438404,5718.213600631619
29.880855400909468,4831.99910917224
39.0163786540157,4892.812639111131
38.871840777140186,5597.012732967356
29.888605485361893,3798.472956086417
35.715288446263884,5217.537187715219
42.144142422008485,4433.831122418538
30.707181197182642,5033.206391149356
29.12351467673003,5007.634466899397
41.58103581390733,5785.697671569714
37.0210253059485,6109.2384734626385
30.963383075896925,4875.6574210762365
26.82807279912727,4759.818192095783
27.488095794603566,4676.757899915324
42.01844352721315,5322.1863245111435
33.88864631994872,4821.226384248007
38.18025727576777,4956.412297397779
31.022355690334926,4647.072854889734
41.14217063248557,5437.690102806792
37.23535067000958,4437.827028122664
32.413777026856344,5059.48487818053
38.7436801963525,5550.755822486695
32.42539561000011,4289.206280810414
31.096222429929018,4727.93429972253
30.507354259729585,5409.202270416956
28.844490174058503,4143.277913929642
27.652901050437833,4804.617768608236
28.14451890661202,5287.699929062385
39.70480010652433,4531.451698163506
29.719736137229972,5628.210387688826
39.25878243189965,4273.191740644648
35.81733362808734,4716.935077315728
29.726450167560284,5182.661640436587
29.733325616733968,5469.012854971472
35.7163739508052,4940.619986393665
40.51642536633793,5005.549308586443
29.56823856993726,4318.174569270148
41.61078485961667,5303.703233651664
34.84131427825299,4711.317757670714
41.654185088129175,4482.707191431858
32.96248042630246,4751.414350569609
39.843659004057095,4391.945155492944
32.26906622348891,4858.464020473469
31.328414787497167,5735.671381505306
32.663093808295514,5257.620467862859
29.508056462509927,4163.149829346235
39.473472548856776,5624.482630404505
31.64118472188456,5944.337223057295
30.22308968059807,4541.863932647957
38.31460803538859,4924.841546387321
29.30145494991002,4493.7702736345445
39.50693988067616,5043.583267001846
26.60357637923881,5080.711636481296
35.19741239016307,5247.234677396603
36.694502163426755,4319.776996824525
31.28879631282168,3917.1685986029042
28.171304204848887,5291.120066528394
38.80678866602917,4726.826288661642
36.50601563415373,4337.508091441105
36.47806032585709,4568.209129100695
30.886734458997186,4695.5237963673
31.905006798945017,5045.354628879542
26.32486935936966,5670.444608657706
34.6352347351328,3783.702334095698
28.042698512465822,5892.620782121522
34.72550600252198,5006.005464542946
42.41211217415275,4922.377091513251
35.3322342492532,4844.527325064457
28.394691505791677,4790.777291888724
30.881182903939653,4854.6036386569285
33.781529957810754,5959.644159677165
44.00841554810974,4311.608181508623
32.70998886636816,5317.381067828904
38.97710625643228,4995.537224033984
28.190118244285106,5579.689007637874
39.95902476900932,5159.323524867615
26.664332299619954,5037.3918775803195
31.87523303117684,4616.458305776598
37.4566676306025,4707.137152244645
31.75813989312378,5255.609103720012
38.197289546704866,5105.240781856893
41.37929629885954,4931.833386534362
34.22088517726059,4711.706861655522
37.922475272959986,4782.514932843764
37.78053874784623,4967.022172187045
31.124303386557074,4867.3341590564605
27.97807047834121,5227.017645929629
34.54882535455495,4814.777585516311
32.05825407189947,5161.906552746075
41.56490316149115,4917.6237050451955
29.04332857194303,4108.362704838131
30.135243507976433,4807.432902941703
32.14259489633962,5167.661799988981
37.35106090408631,4569.022017760471
31.112388467705838,4714.572150078537
36.7217699959472,4384.782448077887
29.93889232590163,5612.832068454361
40.84943883742925,4870.849622438744
32.22435086715686,5308.597687336383
38.46994282880466,5292.297268656984
41.06885018177179,4489.070671722121
32.717107769466836,4114.188107215942
29.44821136268088,5386.51156880207
32.36169257661684,4758.670493381504
33.224417127791426,3390.0354327114883
30.443407106498995,4909.900883998041
41.310187719909216,5096.699466802365
29.01752203902146,4720.814643400331
31.591548386497955,4879.212095199311
32.47226125285579,4749.502992511749
30.559097919984644,5589.6700393942965
40.47837008580241,3915.0273756128745
34.60483767898478,5245.5981232696595
34.69440405373433,5367.476583678546
32.89122199121599,3953.6542814830777
27.287895561130938,4352.0788731933735
33.090051686910535,4223.210640405832
37.08152056916532,5054.274133302186
29.998834729415158,3337.2947039573755
27.403353788941484,4779.500727775866
31.217681380810383,3628.2791343267886
28.176747202116186,5194.999657965436
32.923034318639026,5109.947042507163
39.42924729298696,5045.244707620467
27.27332665306679,4860.901668418159
33.7249652008813,5333.156765985283
34.78803195917587,5537.106290442889
41.16727601861417,4845.28695397654
27.353185856120167,5148.754767631452
35.32382614848969,4064.478843912523
37.58444885558087,5122.574516187201
28.726602457854277,5598.487354144037
36.59138853120057,4358.782968774178
28.427167133744405,4982.720310738657
28.092715253019044,5501.517662796925
35.39474577194407,5028.655859409044
34.69524942882548,3947.052091248752
27.168645966257625,4933.740707118986
34.534478036126764,5194.926847299981
26.1217896802276,5024.418233249919
34.10163937752979,4574.30707115734
33.39872885329266,5347.800377116524
35.38117481364205,4375.353319422102
33.49463867920041,5616.590640210402
30.234297529854864,5160.327621125667
32.502621351877465,4922.8457280032235
37.182782870425136,5414.474496098165
35.09458211777803,4823.448076364947
31.443820134022644,5419.918414059635
29.21056670247461,5585.728618043796
34.13624916225679,4134.69566156027
28.052646185212403,5183.4956836586025
30.781806458954055,5442.374141675688
35.759229278467146,5137.876685169383
32.26500509589889,4896.122103951942
37.86953001069736,5057.43721151494
39.4765284531468,5355.02411860494
35.630948476238615,5271.3186971222085
25.934187206515166,4901.380188764473
29.07585577030503,5425.715729085974
32.45190128830564,5689.779883507677
34.3757453325823,4636.821402985391
42.05740147385894,5077.515911610514
28.035791803636148,5371.645110737748
26.360088929987157,5847.00144722685
25.53617908580594,4685.554497197433
35.08450930186656,4826.572655152538
36.28134379793847,5155.495810801343
32.34242701245559,4702.490384168202
28.32148056369679,4652.317041017328
31.125355959259053,5326.509329447328
32.3329376740311,5165.1318175352535
29.159033694432555,5479.18526367951
35.38964422875523,3793.4040700343885
34.23180183386543,5525.82141438542
31.645071108720025,4987.927017368452
33.281019806779895,5111.451380102483
40.299781574519244,5354.207703586451
32.124194553068136,4640.367673652612
31.29852340344891,4349.304529621094
49.32855049788315,3180.6864904917675
49.36508885833492,3024.8483430926813
60.713719936712636,2468.391166219458
43.7683872133749,3876.5176434140612
53.31225791456665,3137.2573803895075
68.09570052098599,2759.0392318363806
54.134475072236384,2993.225815254865
51.476938045495594,3210.163500130067
63.620674092330525,3070.21375784681
42.92491059981237,2721.3377034483806
52.7260677080467,2839.752824500247
63.855700653236454,3090.255903429963
52.650075026330796,2827.8500928453154
49.94857467217065,3223.3388620119517
51.809287073704056,2737.54715096622
59.03463073072006,3131.7975091122585
72.58049627704393,3281.8750036242436
53.54658205504129,3797.1631598956656
47.10303147424581,3603.6142420112783
50.99486565367894,2711.193175509687
58.37989191435085,3447.863524305206
58.863991408399514,4189.702453626935
54.71661425217761,2977.1481405507907
61.617481034657466,3450.457594445473
52.03224676771736,3293.5426878886733
63.171664848644255,1944.223642896683
46.88775983650062,3209.605228554922
51.78269817553584,2843.9227180843736
65.94884866723781,3292.1324350659124
50.83365038410364,2721.3490152356467
47.06632412771095,3400.447948181728
52.252673201741686,3300.7902479687923
48.14413321776943,3277.306938970877
68.93768523321214,3716.6292567888795
62.487048568221205,2277.9771932616027
64.20390242034816,2813.5123073871464
48.1337109239049,3077.5944742264533
47.90442385096092,3122.2468868419887
54.35745758409228,2662.536112868095
52.29170327078553,3034.240813331099
58.888758810517714,2757.8440423454695
49.33172685038705,3669.214902314199
51.79039657840124,2772.845054431129
58.47612946447935,2803.2135824227544
59.898587685468584,3306.1947065074373
59.182178947775796,2894.5130741704234
58.70528790933629,1781.7509319663334
58.68085520634729,3014.8893228176016
50.02327274825425,2117.055309067086
55.97796193683601,3337.862954972461
68.41150344696166,2933.4374841664203
51.03899082646406,2758.102663127543
61.47261751057813,3005.446322722125
48.677088703635114,2498.387093796314
58.80693871700818,2314.0715086833766
51.815426904348286,2377.410025402305
50.384553006295945,3020.1504931932586
62.37389935550844,3382.145248766874
50.150197409967404,3709.204797949489
56.885348434899385,3340.6631726125956
45.88128352401276,3560.2395018825327
65.05321296593559,3070.67203291891
62.20827044796961,3185.448263921899
63.66200320313739,2533.8172766602197
53.515141706866345,2697.628036825737
59.32095593031269,2777.698237210151
46.3276879696362,3625.2162467119074
48.8718020186424,3371.0323051033242
51.40900209785349,3018.7680903005426
56.600683558298144,2670.099488498041
44.02638676957829,2295.978400204337
66.50736075183669,3279.980312198548
66.05007611752313,3439.726704771543
56.938870763103495,2771.6690744157727
46.855578466746366,2732.903949827587
49.7510330436971,2967.6858455273
63.42448114833508,2603.1723472246745
47.15667220954789,2918.827495983643
59.72460429572905,2717.995021993044
49.623379139135125,3115.9021775074293
47.166305415212,2920.2069682419433
59.02215559102186,3453.0206324185815
66.66906497658972,2495.494119385623
47.47211960363897,2361.856104564359
65.96504099129382,2644.6583428090057
61.20585046383759,3692.532394096178
56.968439050915904,3376.746923432606
64.34670013207605,2638.0033525131585
47.4732402645039,2406.9140319044304
43.8900308402553,3028.5517010208087
59.76665415554213,2509.078221564482
44.60803051632225,3825.4506797143404
43.83375396986092,3698.17346515667
49.57544789277823,3231.544130971917
50.58686816120974,3581.2044269171656
46.7612501115778,2580.4744208218135
48.64619992163862,2476.826014755144
58.52386335343135,2068.598651459855
53.04501142240718,3224.207381561067
62.5605539604316,2402.903484034797
52.37468626494456,2678.1619345889944
44.643696316466354,2682.688183365471
47.94613145251964,2183.250383745305
55.87424029798371,3343.882551223335
50.78050606117614,1501.5174943906065
54.328427853066295,3291.2660941042705
44.081221515816836,2542.882186620333
46.103665362730275,3484.1170895179703
59.28929223997599,2441.3382208236226
70.73207918013674,1866.6474152468497
55.74124385992883,2368.8548926133717
60.4863543330479,3138.418220345184
56.80995917800135,3327.7520329577706
43.61579644019916,2109.008879151273
45.424876859531395,2998.1202087913034
59.51432247194122,3425.421233993531
66.2025508236741,2767.342931212141
48.86805746254017,2959.5988794483433
58.165295500595505,4203.435634001705
50.88469909897367,2954.1596614452355
49.950847797029816,2959.2959272155017
67.44424574585256,2544.5740294129614
61.703694184523144,3270.37030086276
57.52209824439004,4062.2373676000416
73.54314787557536,2459.2837521041106
41.884615361345155,2568.656771369564
62.34247490448628,3458.4050791295817
52.38415074458138,3177.0861151561335
47.02422501111644,3136.6115968936406
53.01785226874556,2686.5550718371273
49.56146460814555,3690.896222216497
68.51432988025464,2474.8795316467194
49.32369008476085,2828.242122788939
63.83144131317451,4291.223812962738
56.189306204639635,3101.7514670773303
55.41937391451336,2270.562773376464
50.59273118792463,3214.576103910953
55.92832973203188,3760.5887500996428
49.94616713118384,2602.8677269658483
53.461340448912765,3228.5312850632017
48.06562568804397,2757.719791957757
45.85813928755166,2932.1461291661244
48.53404662218273,2671.8537273531324
62.39663781679794,3197.45864148802
49.937540049158784,1859.4928297470365
60.11107531593855,3084.8473555396945
48.09324742581748,1633.1364221180077
45.21210375139493,2763.0551339583576
58.43448636343231,2985.1630825737857
61.204678791520685,3150.362042099735
52.474239826711425,2758.51322490541
50.87963544546865,3254.124153288253
57.505666654982356,3057.887821454991
53.40137063940027,2504.021149549544
47.5794335685546,3455.598534302928
62.23201977410167,2708.6875953634913
56.23762586500958,3472.6677170213934
48.245312117087934,2768.8657642139606
45.959953037939236,3225.270394611941
49.671321858666914,2728.203069562855
50.87727739498514,2579.970760755568
51.940985029602686,4064.3650512405675
65.99248155226273,2868.3154449935046
47.03203786870824,2129.783458379923
46.081079184856534,2873.261784865225
55.20453184024707,2758.0090285241417
54.622097277864725,2997.7800613881595
59.452424644828405,3151.6210647253374
60.721036129623386,2076.7505293902045
50.01896013362702,3290.4773838664
59.93553117036179,2439.550425020677
72.06754240899909,3465.151755043724
61.482314835097796,3789.5663855734747
51.92925929175108,3073.366866643096
70.88493863558777,2395.1602853726117
59.397445248724146,2919.7635313032224
49.73949668009281,1798.3922660574558
49.30733738675472,3175.1439428159156
50.351164874752826,3355.1663502203496
51.81800198224185,2983.906396629298
59.41441124043974,2725.547640257983
54.341343642786555,2684.8354999407993
49.604210218105635,2587.3619805311446
59.08520428459205,3220.9164452956597
52.72938130538671,3027.9210233335816
47.29424771221078,3317.263416852003
51.37396620308671,3847.3300080294534
61.7008454260748,2308.951307626988
67.56075311758391,2754.9312100314396
62.60270624856969,2654.3753327753793
62.28437925106418,2715.512348377386
63.97795160471579,3169.141064204468
61.53964624989095,2757.0320401574763
61.19419007481471,2871.806907070488
65.32065944617123,3388.0620829918257
55.989333802960466,3407.0000774474433
48.26316433835664,2942.2757634258805
54.87510902481799,2923.326969973985
49.082680048724505,3143.3777123155933
63.7224811747907,3570.3453128015763
73.91429425134439,1927.9802617700484
58.020598754990516,2867.041140160351
58.6746249593901,2744.252628099509
41.683673934481895,3572.4442154559833
64.62876069015498,3249.614294861014
55.37052979393772,2762.0616433624195
46.1234011046307,2826.6258142932297
44.897943327968186,2733.428372454592
45.74306700571081,2850.726476621038
55.836967186793345,3224.6915643936077
69.66802006061204,4027.5517881420546
62.30448610429519,3669.337909467847
47.98051956197911,3259.8930206531795
50.3489010049569,3549.490921381179
49.80817400113106,3238.3856266106623
50.65312028822213,2067.333927836685
68.05239442424993,2860.6537331764475
56.716132483195175,2115.5104339337636
68.22677562330476,2924.8710976275215
48.987771408479006,3777.3173912875295
60.05151442460196,3492.427644512588
46.47699051318682,3724.895270615397
47.69366580005662,2976.1862311572236
54.63077684770238,2845.3037975174993
60.278207568284536,2775.8705977157038
48.377409220659985,3323.763827895091
58.676945886035554,2279.2785728159406
58.08455915158791,3161.7565903779096
51.44803027216862,2961.204968371087
65.89044331150122,2669.5395054612545
47.68219961529478,2464.7394594993643
60.6545870169309,2654.20213146801
50.24705518015126,3437.6910817246485
51.46750420586358,2772.2646041717676
58.37294067494257,2601.689880244012
53.1457045993381,2628.813074380118
63.92358602655105,2952.386435388405
54.0173568456844,3205.38290164296
47.86524246172857,3171.778715137177
61.38851296082274,3147.0275442669813
66.06567792589752,3326.6531596898963
41.257781675657654,3555.3881757786003
52.84674132294458,2521.196120500472
48.08624251543912,2722.335387840166
42.46028016135186,2320.8552343963756
57.14044012618862,3229.4515661296396
61.05751607880285,3218.5750218194858
48.90758994384906,4288.6928219401825
58.80903674247229,2342.897990639319
56.171573452790035,3141.9014987422643
52.84268152278485,2660.723766014561
41.955780885579365,3061.5118957631807
53.49626364657085,2303.46581726663
57.854572448072844,3515.9898794409974
61.011358805778045,3356.91535349634
51.02784275387502,3396.8556084852084
59.831888759047644,3237.7440633927863
51.745869764298945,3340.8050971533594
51.147267595234624,2864.4691570024465
47.59504117417558,2923.089136520167
49.53862632951753,2680.033485431448
47.74662644294824,2047.5485002237733
49.9472199471824,2409.88594414658
62.96480519052503,2061.0006344359913
69.85521395629546,2965.1656747637194
58.86953976309841,2302.866842632092
58.57487329274767,3698.050131304103
49.50354690644491,2354.2360314885946
55.52719862718382,2730.3346331316416
43.20669635054278,3347.5187607096736
56.07398865004187,3307.3183340533787
59.170208991996546,2679.2381869313544
59.72925490703812,2456.5910064902696
62.7239723714045,3079.4821053820365
57.99573652817139,3344.1016366635013
51.19108738752142,2855.6418980152534
61.314735931006624,3175.388453993949
49.02596868697089,2213.534172504089
48.98511241060589,2550.111986168445
46.838021165316206,2786.3676564391253
63.319882074838354,3352.2104091044926
47.21217477583043,4130.225775423953
67.24126287058792,2582.824669401459
51.02763396910554,2514.3725232993643
52.208973230069695,2371.8463758902762
49.145059798896305,2629.1778029735
45.35326930126695,2555.057428968088
54.972230532468075,3901.5143759104694
57.006432681545505,3023.6069252536727
48.3185936413438,3571.803828054615
46.99570564021957,3293.946208044177
51.46797903363124,2876.7442180793314
66.68234471349709,2060.221271316516
64.25096605312922,3438.387615202636
54.65256866965065,3841.7712462959066
52.12507493579287,2428.295326160826
58.66695467011004,2367.187640683698
49.81888766416824,3472.957483685548
53.817399967854186,2232.05181261437
63.42162030404159,3074.2252077923454
57.58672641799885,2508.1936788817925
62.838509314762874,2003.7783864696148
49.48276178476533,3185.6884270372507
63.05238298304778,3249.4202411634024
48.2930127897408,2747.941179644813
58.04797825950493,3238.8485266229127
61.887027297009865,3255.5046004173337
60.80147194214186,2763.2343723551235
53.96866748755791,3165.4990615920797
45.46254176818066,1801.2644782711493
62.09140571632054,2912.7234966808255
65.12474894792457,3526.8215736609714
47.92744761080091,2106.6962994489145
55.62068791500843,3807.2472525283365
60.87597934634054,3761.052542325799
48.50995222060121,3714.893733386661
69.15966719772427,2065.3893157726525
47.852448577288186,3476.118896598745
46.56349169340471,2285.912141486364
62.340163511885436,3418.444425079883
51.184606309414605,3284.6692920360215
57.30136456436749,3429.745199683719
48.34667175470145,2498.3524705952914
45.140319057714414,3247.837058234402
50.797790561753075,2556.46477387389
63.53443471675304,3620.3438896217676
59.16395689712924,3176.3287519036744
45.621698622968495,3280.024164517323
43.234987212751385,3322.8850549206477
64.42513720373506,3165.5111176911573
56.109765138228674,3404.307334572973
59.47562856195969,3080.119119505526
60.75734936451764,2505.9749974388033
54.1941213878547,3047.4235055315917
47.12942572972923,2894.5511106189224
46.63128887665275,3240.4692828297143
57.37889390807934,3773.953299123186
42.381146603914246,3043.1050717190587
51.18105580329423,3368.9531991357526
47.43945025030955,3904.5887205376384
48.93614365658287,3016.575861152515
58.803980517615145,2216.6010666379793
50.38276685090754,3585.3912741776126
56.005341647105865,2544.8628404952574
66.03168709774056,3052.5603374234647
50.38618233585845,3460.2166889135983
51.58026148240188,2405.27707617554
68.6852982608383,3345.7180356971717
56.44160850318225,3321.7472541221414
51.44272980844137,4139.049934651303
60.41654241298009,2150.694580899852
46.03496868817503,3156.8165353791173
43.883226488918936,2910.4059358189156
50.472606496815956,2369.1951121050956
56.86803906166573,2775.565095736729
48.76358787736524,3027.223509265677
41.118770773958374,2897.8526391649953
67.73623212143607,3211.2280054287785
49.06676504589819,2368.6366950330466
53.343502364266584,2995.764041770062
50.113657702750146,2664.7314056981695
60.878761530907674,3546.7190326897526
50.81888858917096,3418.219701652282
60.57888996600481,3246.4712283476465
47.43520393891259,2650.007051900645
56.28436982638343,3201.4901393555733
50.63887072218947,3478.0773047661673
49.597113339723414,4200.986764953546
52.65081464626286,2614.956313483108
50.878668225400915,3109.7504587678163
48.07280428516717,2265.7171760981364
44.95173476997392,3097.744404524802
50.79893392755476,3041.664508300283
68.72490080767567,3515.6821351047492
65.30768717988023,2211.466924626252
59.8352294765216,2782.03977653493
48.845856094242315,3570.276775189991
52.011360118820534,3716.3523438070224
61.45167817210396,2524.880442648518
51.89284951262651,3064.5325384281664
52.074608765464646,2778.1779183053654
49.82528039369445,3635.0825050344156
70.86877033782248,1817.718672095918
66.41110057576672,3454.0535092530317
66.29406116684513,2606.98631177226
52.18827151748941,2807.8796658590263
52.462794171890145,3218.9579377862638
63.69716243629938,2654.642632867035
48.22702980355556,2611.94148651655
59.743336931401686,2884.347040507617
49.64832678791577,2977.6294794970922
72.41205260320008,2536.5243374451297
62.591642882197156,3023.3051958810124
56.68638746100775,2573.4049361605375
59.896342190530355,2500.5457305382774
63.84070250547187,2847.2049030914995
57.3673413834363,3238.149058086422
65.78540809138174,2603.6207509412357
52.94483805787473,2985.9482136383913
52.42693637660513,3673.193947199778
